https://headlines.yahoo.co.jp/hl?a=20181004-00000002-famitsu-game,『リーグ・オブ・レジェンド』世界大会“Worlds 2018”が3日目が終了、日本代表のDFMはラウンド2へ進出!!,文・取材：堤教授2018年10月1日より開幕した『リーグ・オブ・レジェンド』世界大会“League of Legends World Championship”（通称、Worlds）。大会初日を1-1のスコアで折り返した日本代表チーム・Detonation Focus Me（DFM）は、大会3日目でふたたびKabuM! e-sports（ブラジルリーグ1位）、Cloud9（北米リーグ3位）と激突しました。本日のDFM1試合目の相手は、KabuM! e-sports。DFMは、Yutapon選手がヴェインをピックして会場を沸かせたものの、ヴェル＝コズでの射程外からの攻撃に耐えきれず終始押される展開に。Steal選手がバロンスティールする場面もありましたが、10000ゴールド以上のお金の差は覆せず敗北。2試合目は、初日に逆転を許した北米リーグの強豪チーム、Cloud9。ここでCloud9に勝利すれば、グループ内2位が確定し、ラウンド2へと進めます。しかし、負けてしまうと1勝3敗となり、同じく1勝3敗のKabuM! e-sportsとラウンド2への勝ち抜けをかけた試合（タイブレーク）を行うことになります。DFMは序盤こそ不利を背負ってはいたものの、Evi選手やSteal選手の奇襲をきっかけにして盛り返し、金額差は五分に。このまま逆転……、とはいかず自陣付近の集団戦で負けてしまい、そのまま敗北となってしまいました。KabuM! e-sportsとのタイブレークへともつれ込むことになりました。Cloud9との試合の後、すぐにKabuM! e-sportsタイブレークがスタート。アーゴットをピックしたEvi選手が序盤から大暴れし、各所の戦いで相手チームを圧倒。20分経つやいなやすぐにバロンを倒し、そのままなだれ込むように襲いかかりネクサスを破壊！ 念願のプレイインステージのラウンド2へ!!このあと、簡単なインタビューを行える予定なので、なるべく早くお届けします！
https://headlines.yahoo.co.jp/hl?a=20181004-00000001-famitsu-game,『ロックマン11 運命の歯車!!』 新要素“ダブルギアシステム”が攻略のカギ。初心者も熟練者も必読のプレイガイド,文・撮影：市塚正人カプコンから2018年10月4日（木）に発売されたシリーズ最新作『ロックマン11 運命の歯車!!』（以下、『11』）。プレイステーション4、Nintendo Switch、Xbox One、PC（Steam）の4ハードで発売される本作がどんなゲームなのか知りたい方や、これからプレイする方のために、本作のプレイガイドをお届けする。初心者もコアなファンも納得のおもしろさが味わえる！『ロックマン』シリーズと言えば、やりがいのある高難度で有名なタイトル。「難しいのは苦手」と尻込みしてしまう人もいるかもしれない。でも、そんな人もご安心を。本作は初心者でも楽しめるような調整が行われているのだ。選べる難易度は“NEWCOMER”、“ADVANCED”、“ORIGINAL SPEC.”、“EXPERT”の4つ。シリーズを初めて遊ぶ人やアクションが苦手な人は、“NEWCOMER”がオススメ。この難度は、穴への落下やトゲに触れた際、即死しなくなるので、かなり気軽に遊べるのだ。一方、シリーズ経験者やアクションが得意という人は、“ORIGINAL SPEC.”を選ぶと歯応えバツグンの『ロックマン』が味わえるだろう。ちなみに難易度は、一度選択するとそのセーブデータでは変更できない。本作は、これまでのシリーズに負けず劣らずの歯応えを誇るので、まずは、“NEWCOMER”や“ADVANCED”で『11』の世界観と雰囲気を体感してから“ORIGINAL SPEC.”、そして“EXPERT”をプレイするといい。ボスを倒す順番はプレイヤー次第！もちろん特殊武器の相性も健在だ！『ロックマン』シリーズと言えば8体のボスがおなじみ。今回も新たな8体のボスがロックマンの行く手を阻む。倒す順番は、指定されないので、倒せそうな見た目のボスから挑戦していくといい。ちなみに、筆者は、左上のブロックマンから逆時計まわりにボスを倒していった。ボスを倒すと、そのボスの力を有した特殊武器を得られる。武器によっては、特定のボスに大ダメージを与えることができ、それを推理しながら攻略していくのも『ロックマン』シリーズの醍醐味のひとつだ。とはいえ、どのボスにどの特殊武器が有利なのかは、実際に使ってみないとわからない。攻略のカギは、新要素“ダブルギアシステム”を使いこなすこと！ダブルギアシステムとは、本作で追加された新要素で、スピードギアとパワーギアのふたつを切り換えてパワーアップするロックマンの新たな力だ。スピードギアは、機動力アップで、相対的にロックマンの周囲が遅く見える力だ。敵の攻撃を寸前で回避したり、落下物などの速度を遅くして確実に突破したりと、あらゆる局面で活躍する。パワーギアは、ロックバスターの手数強化や特殊武器の強化といった攻撃に特化した効果が発動。体力の高い中ボスを素早く撃破するときや群れる敵を一掃するときに便利だ。本システムは、ゲーム開始時から自由に使えて、ボタンひとつでギアのオンオフが可能。自分の好きな場面で発動できるので、“危ないと思ったらとりあえずスピードギア”というプレイスタイルもありだ。慣れないうちは、スピードギアの汎用性の高さに驚かされるかもしれないが、慣れてくるとパワーギアの重要性が高まってくる。なぜかというと、パワーギアの発動中のチャージショットがべらぼうに強い！とにかく強い！体力の高いザコ敵を一瞬で蹴散らすことができるうえ、中ボスやボス戦でもダメージを稼げるので、敵の動きを把握している場合は、パワーギアを軸に戦いを進めていくとステージとボスの攻略がスピーディーになるだろう。ただし、ギアを一定発動し続けるとオーバーヒートして、しばらくのあいだギアを発動できなくなる。発動中は、ロックマンの頭上に表示されるギアゲージに注意しながら各ギアを使い分けよう。さらに、ロックマンの体力が残りわずかになると、ダブルギアが発動できる。これは、スピードギアとパワーギアを同時に発動し、さらに、“ファイナルチャージショット”を放てるというもの。ある意味“最強のギア”なのだが、ほかのギアと違って途中解除は不可。つまり、必ず強制的にオーバーヒートしてしまうのだ。しかも、ダブルギア発動後のオーバーヒート中は各ギアが発動できないのに加え、ロックバスターの性能が低下する。圧倒的な力を発揮できるが、マイナスの効果も大きいため、まさに諸刃の剣だ。中ボスやボスに追い込まれたときに起死回生を狙って発動するのがベストだろう。ライト博士の研究所もかなり重要！ライト博士の研究所では、ステージの道中や敵を撃破したときに得られるネジでアイテムを製造できる。1UPやE缶といった消費型アイテムに加え、 ロックマンの強化パーツも製造可能。強化パーツは、ロックマンに装備することで効果を発揮し、自由に着脱ができるので、攻略するステージに応じて付け換えるといい。氷の上でも滑りにくくなる“スパイクブーツ”や、自動でロックバスターを溜める“オートチャージチップ”など、多彩な強化パーツがあり、プレイスタイルに応じてさまざまな選択が可能。筆者がとくに便利だと感じたのが、“バスタープラスチップ”。これは、ロックバスターの弾が少し大きくなり、敵に当たりやすくなるパーツだ。筆者はチャージショットよりもロックバスターを連射するタイプなので、このパーツは何かと重宝した。このように自分に適したパーツを製造して、攻略していけるのが、ライト博士の研究所の強みだ。やり込み要素満載のチャレンジで己の腕を磨け！各ステージをさまざまなルールで攻略する“チャレンジ”。クリアーまでの時間を競う“タイムアタック”や、青い風船だけを破壊して進む変り種“バルーンアタック”など、多彩なルールが用意されており、本編とは違った楽しみがある。これらのチャレンジは、本編のステージをクリアーするごとに解放されていくので、小まめにチェックするといい。また、チャレンジの記録は、世界中のプレイヤーと競えるので、本編そっちのけで最高記録を狙うというのもアリ。さらに、リプレイデータをアップロードして自分のプレイを世界中に配信、またはランキング上位者のリプレイデータで立ち回りを勉強することも可能だ。ちなみに、ゲームの雰囲気やダブルギアシステムといった要素は、好評配信中の体験版でも触れられる。気になる人は、Nintendo Switch、プレイステーション4、Xbox Oneでダウンロードして新たな『ロックマン』を実感してみてはいかがだろうか。
https://headlines.yahoo.co.jp/hl?a=20181004-00000001-gamespav-game,Sci-Fi 3Dスペースシューター『Subdivision Infinity DX』発表！―宇宙で採掘や賞金稼ぎ,オーストラリアのBlowfish Studiosは、Sci-Fi 3Dスペースシューター『Subdivision Infinity DX』を発表しました。大きな写真で詳しく見るiOS/Androidで2017年に配信された『Subdivision Infinity』のデラックス版となる本作は、アーケードスタイルのゲームプレイと早いペースのドッグファイト、ダイナミックなボス戦を特徴とする3D SFシューティングゲーム。宇宙の5つのセクターに広がる40以上のミッションを備えています。敵対する宇宙船の撃墜、主力艦の破壊、小惑星からの鉱物採掘、賞金首を倒すことでの賞金稼ぎ、新しい宇宙船の設計図の探索などが可能とされています。「Unreal Engine 4」を用いて開発されている『Subdivision Infinity DX』は、Steamおよび海外PS4/Xbox One/ニンテンドースイッチにて2019年初頭に発売予定です。
https://headlines.yahoo.co.jp/hl?a=20181003-00000017-gamespav-game,近未来を舞台にド派手にカーチェイス！『Xenon Racer』発表―キセノンの力で最速を目指せ,パブリッシャーSOEDESCOおよびデベロッパー3DClouds.itは、新作レーシングゲーム『Xenon Racer』を海外PS4/Xbox One/ニンテンドースイッチ/PC向けに発表しました。それに併せてトレイラーも公開しています。大きな写真で詳しく見る本作は、2030年の東京やドバイといった都市を舞台に、最新の技術を搭載した電子カーで競い合うレースゲーム。登場する車両は、人工衛星等の軌道制御用エンジンにも用いられるキセノンガスを使用することで、爆発的な加速力を得ることができます。映像では、空に浮かぶ車やホログラムの広告に彩られた、近未来の東京が登場。その他にも森や海辺など、自然豊かなコースも存在するようです。レースシーンでは、キセノンガスの効果なのか青白い光と共に急加速する場面が確認でき、リアルなレースシム作品とは一線を画す、独特な雰囲気を放っています。なお、ゲームモード等の詳細は不明ですが、オンライン/ローカルマルチプレイに対応しているようです。『Xenon Racer』は、海外PS4/Xbox One/ニンテンドースイッチ/PC向けにリリース予定。発売日は未定です。なお、Steamページは日本語になっており、日本語対応の記載も確認できます。
https://headlines.yahoo.co.jp/hl?a=20181003-00000151-impress-game,【速報】「LoL」日本代表DFM、タイブレークを勝ち抜きプレイインノックアウトへ進出！,ライアットゲームズが開催中のPC用MOBA「League of Legends」の世界大会「2018 World Championship」において、日本代表として出場した「DetonatioN FocusMe」がタイブレークで「KABUM! E-SPORTS」を下し、プレイインノックアウトへと駒を進めた。【この記事に関する別の画像を見る】詳報は追ってお伝えする。 2018 Riot Games. All Rights Reserved.
https://headlines.yahoo.co.jp/hl?a=20181003-00000016-gamespav-game,学園を運営し、英雄を育て、冒険に派遣！『Valthirian Arc: Hero School Story』Steamにて配信開始,インドネシアのデベロッパーAgateは、アクションRPG『Valthirian Arc: Hero School Story』の配信を開始しました。大きな写真で詳しく見る本作は英雄候補を育てる学園を運営し、Valthiria国民が抱える問題を解決する為に生徒をクエストに就かせ冒険をさせる、シミュレーションとアクションRPG双方の要素を持つ作品です。始めに学園を建造し、生徒を各施設で学習させ、スキルツリーにより管理。卒業させることで騎士や魔法使いといった職業の英雄へと成長させることができます。また、クエストで獲得した材料やレシピにより武具を作成するクラフト要素も存在。1パーティ4人で行われる戦闘は、リアルタイムで進行するアクション要素を持つものとなっています。王国の行く末を左右するストーリーと、複数のエンディングが待つ『Valthirian Arc: Hero School Story』は、日本語にも対応し、Steamにて10月10日まで10％割引の1,368円で販売中。海外ではPS4/ニンテンドースイッチでも発売されています。
https://headlines.yahoo.co.jp/hl?a=20181003-00000015-gamespav-game,『World of Warships』プロデューサーに訊く―「潜水艦」が実装されるなら最初の国家はどこになる？,9月18日にリデザインされた空母と潜水艦が国内でも発表された、Wargamingのオンライン海戦ストラテジー『World of Warships』。新たに導入される要素について、エグゼクティブプロデューサーのアルトゥール・プロチェニック氏にインタビューを行いました。大きな写真で詳しく見るなお、本記事における質問の内容は、発表時に行われたQ＆Aと個別インタビューの2つをまとめています。――空母のリデザインと潜水艦の開発が始まった時期を教えてください。プロチェニック氏： 空母に関しては過去2年間、潜水艦に関してコンセプトという意味ではゲームの正式サービスが始まってから3年間ずっとですが、実際に作り始めたのはここ数カ月です。――もし潜水艦が実装されるとなれば、初めにどこの国家に追加されますか？プロチェニック氏： 日本とアメリカ、そしてドイツの3カ国です。――『World of Warships』がサービスを開始して3年ほど経過しましたが、ユーザーの反応はどのように変化しましたか？プロチェニック氏：一般化するのは正直難しく、プレイヤーの皆様は変更が加えられることを好みません。変更によっては非難が出たりしたこともあったのですが、一般的に『World of Warhisps』のコミュニティは非常に積極的に関わってくれる人たちで、我々もコミュニティに対して非常に積極的に関与しています。それらの変更に対してより詳しく、「こういう観点で変えました」ということを積極的にアピールしていることもあり、上手くいっていると思います。――2018年7月に実施された『World of Warships』コンソール版の先行テストの反応はどうでした？プロチェニック氏： ゲームのアップデートとは違って、まったく新しいものを出すとき最初は概して良い評価から始まります。プラットフォームは増えますし、選択肢が増えるという意味でも欧米でもアジア太平洋でも非常に評判が良く、アルファテストでも上々です。ただ今後、いろいろな機能が追加されているなかで、いくつか課題が生まれる可能性がありますね。――空母のリデザインには驚きです。RTS風なゲームデザインでは、必然的に同ジャンルに慣れた操作量が多いプレイヤーが有利になってしまっていましたよね。あまり触れてこなかった艦種だとしても、この変更には戸惑いを隠せませんでした。プロチェニック氏： RTSと戦術ゲームは、「どちらかが好き」という方が多いので、お互いの技術が行き来できないというのが問題です。他の艦艇クラスならだいたい操作性が同じなので本能的に対応できると思うのですが、どうしても空母だけは使い方が全く異なり気軽に遊べません。なので「少なくても操作性は同じにしなければならない」という認識は持っていました。――それが今回のリデザインに繋がったのですね。次は潜水艦について質問です。現状正式に導入するのかわからないとありますが、もし入るとしたら駆逐艦や巡洋艦に影響が現れますか？プロチェニック氏： 全ての相互作用が働いていますので、潜水艦だけ無敵というだけではなくリバランスされます。潜水艦はほとんど潜っていることから、艦隊と直接砲火を交えることはないため、その分のバランス調整は少ないです。ただ当然の事ながら水面に浮かべば砲撃戦に発展します。――潜水艦は潜り続けると圧壊してしまうことがあり得るのでしょうか？プロチェニック氏： 実際の潜水艦は大体200mほど潜れたので、200mが最深度ということになります。それがゲーム上での設定です。あくまで潜水艦は戦うための艦艇クラスであって、深く潜りすぎて圧壊するというのはゲームとして成立しないのもあって200mと設定しました。艦艇が島に当たってもダメージを受けないのと同じです。敵からダメージを受けるのはいいのですが、『World of Warships』は自然現象と闘うわけではないため、“深く潜りすぎてのダメージ”は避けています。――続けて“もし”の話になってしまいますが、潜水艦を正式実装するとしたら、どの潜水艦を出してみたいですか？プロチェニック氏： 今現時点では“これ”というものが無いのですが、個人的に見たことあるのはドイツとアメリカの潜水艦です。史実として話を聞いたことがあるのは航空機を積める日本の潜水艦（※伊四百型潜水艦が存在している）で、そういうものを導入できたらと思います。（筆者補足: プロチェニック氏は、ドイツのキールにあるドイツ海軍記念館に展示されているU995と、アメリカのサンフランシスコにある潜水艦USSパンパニートを実際に見に行ったと話した。またその2隻は開発チームも既に調査したとのこと。）――最後に、新たにリデザインされた空母、そして追加される潜水艦を楽しみにしているユーザーに向けてコメントをお願いします。プロチェニック氏： 海戦バトルゲームということで変わりはないのですが、いろいろな要素を追加していく予定です。対戦が好きなゲームプレイヤーにも満足してもらえるようになっています。――ありがとうございました。なお、9月18日に実施された国内向けプレスカンファレンスは、9月13日にロシアで行われたメディア向け発表会と同内容でした。ロシアでのライブプロデューサー、そして開発部長インタビューもあるのでこちらもどうぞ。ついに潜水艦がハロウィンイベントとしてテストされることになった、『World of Warships』の今後の展開にも注目です。
https://headlines.yahoo.co.jp/hl?a=20181003-00000012-isd-game,PS4版『無双 OROCHI3』発売後3日で販売本数10万本突破！,メディアクリエイトは、コーエーテクモゲームスのPS4向けタクティカルアクション『無双 OROCHI3』が10.1万本売り上げたと発表しました。この集計は本作の発売日である2018年9月27日より9月30日までのものでダウンロード版は売上に含まれません。（限定版は含む）また、ニンテンドースイッチ版は2.4万本売り上げており、PS4版と合わせると12.5万本売り上げた事になります。本作は、『無双』シリーズをはじめとしたコーエーテクモゲームス作品のキャラクターたちが集結するクロスオーバー作品。Steam版が2018年10月16日より配信されます。Media Create Co., Ltd. All Rights Reserved.
https://headlines.yahoo.co.jp/hl?a=20181003-00000014-gamespav-game,終末世界を生き抜くサバイバルRPG『Sheltered』に新ゲームモード「Stasis」が追加！―生存をかけて宇宙を目指せ,パブリッシャーTeam17およびデベロッパーUnicubeは、サバイバルRPG『Sheltered』に新しいゲームモード「Stasis」を追加したことを発表しました。大きな写真で詳しく見る本作は、核戦争によって崩壊した世界を家族で生き抜くRPG。今回配信されたアップデートでは、いくつかのバグ修正と共に新しいゲームモード「Stasis」が追加されました。プレイヤーはこのモードで、75日以内に地球を脱出するためロケットを建造し、その打ち上げを目指します。無事にロケットを打ち上げたり、家族が死亡したり、特定の状況になるとゲームが終了し、その結果によって8種類の異なる結末を迎えるマルチエンディング方式となっています。また新機能として、キャラクターの服装や色を変更できるワードローブや、アイテムを入れて持ち運べる「ビン」が追加。その他にもUIの改善など、アップデートによる変更点が多数存在します。詳細はこちらのパッチノート（英語）をご確認ください。『Sheltered』は、海外PS4/Xbox One/PC/iOS/Android向けに配信中。なおSteamでは今回のアップデートを記念して、2018年10月9日までの期間限定で、通常価格1,480円のところ、75％オフの370円で配信しています。
https://headlines.yahoo.co.jp/hl?a=20181003-00000013-gamespav-game,ステルスアクション『The Slater』「一部のキャラクターたちは映画の登場人物からインスパイア」【注目インディーミニ問答】,気になる新作インディーゲームの開発者にインタビューする本企画。今回は、Laina Interactive開発、PC向けに9月20日リリースされたステルスアクション『The Slater』開発者へのミニインタビューをお届けします。大きな写真で詳しく見る本作は、元警官の復讐劇を描くステルスアクション。ドラッグの捜査をしていた父は殺され、Mark Slaterはその死に関与した人間を一人一人暗殺していきます。ゲームは一人称視点で展開し、誰をどうやって暗殺するか、見張りをどうやってすりぬけるか、パズル的な要素も含まれています。記事執筆時点で日本語には未対応。『The Slater』は1,520円で配信中。――まずは自己紹介をお願いします。Alessandro Laina氏（以下Laina氏）：フィンランドのヘルシンキに住んでいるAlessandro Lainaです。ゲーム業界で10年ほど仕事をしており、本作は私が単独で開発した最初のプロジェクトとなります。――本作の開発はいつどのようにして始まったのでしょうか？Laina氏：本作の開発は3年前に趣味のプロジェクトとして始まりました。私一人でどれだけできるのか、試してみたかったのです。当初、現在のものほど巨大なプロジェクトになるはずではありませんでしたが、新たなものを学んでいく過程で、次第に大きくなってしまいました。――本作の特徴を教えてください。Laina氏：皆殺ししてはいけない暗殺ゲーム、と言うのはそれほど多くないのではないでしょうか。本作では、誰を暗殺するのか考える必要があり、その際に絶対見つかってはいけませんし、死体が見つかってもいけません。見つかれば、すぐに殺されてしまいます。また、一人称視点も新しさがあるのではないでしょうか。――本作が影響を受けた作品はありますか？Laina氏：本作は暗殺ゲームを中心に、数多くのゲームから多大な影響を受けています。カットシーンは映画からの影響が大きく、一部のキャラクターたちは映画の登場人物からインスパイアされています。本作のようなゲームを作る上で、他のゲームや映画から影響されないと言うのは無理でしょう。ゲームや映画は私のこれまでの人生における大きな部分ですし、たくさんの影響を受けて育ちました。――本作の日本語対応予定はありますか？Laina氏：残念ながら本作は英語にのみ対応しており、今後他の言語に翻訳されるかは現時点でわかりません。――最後に日本の読者にメッセージをお願いします。Laina氏：本作を購入していただいた皆さん、そして本作に興味を持ってくださった皆さん、ありがとうございます。もし興味を持っていただけたようでしたら、本作をご購入いただくことで、今後もゲーム開発を続けることができるでしょう。――ありがとうございました。
https://headlines.yahoo.co.jp/hl?a=20181003-00000011-isd-game,DeNAがスマートフォン向け新作タイトル『進撃の巨人TACTICS』を正式発表！ゲーム画面が確認できるTVCMも公開,【今冬配信予定】『進撃の巨人TACTICS』公式アカウントです。今後、ゲームに関する情報をお届けいたしますので、続報をお待ちください！ ＃進撃の巨人 ＃ゲキタクhttps://t.co/LyMUomzluX pic.twitter.com/bQoTOZ5c5G＆mdash; 【今冬配信予定】進撃の巨人TACTICS公式 (@ShingekiTactics) 2018年10月1日DeNAは、数日前から発表していた『進撃の巨人』新作スマートフォン向けゲームアプリに関して、正式タイトルを『進撃の巨人TACTICS』に決定し、本作の公式Twitterアカウントを開設しています。さらに、ゲーム画面が確認できるTVCMも公開。どうやら調査兵団のキャラクターたちを使って、迫りくる巨人から拠点を守るようなゲームになっているようです。『進撃の巨人TACTICS』は、2018年冬に配信を予定していますので、お楽しみに！■ティザーサイトはこちらURL：https://shingeki-tactics.jp/■公式TwitterアカウントはこちらURL：https://twitter.com/ShingekiTactics＆copy;諫山創・講談社／「進撃の巨人」製作委員会＆copy;DeNA
https://headlines.yahoo.co.jp/hl?a=20181003-00000017-ignjapan-game,セリフや字幕を廃したシネマティックアクション『THE QUIET MAN』の配信日が11月1日に決定！,スクウェア・エニックスはPS4/PC（Steam）でリリース予定の『THE QUIET MAN』の最新トレーラーを公開し、配信日は2018年11月1日だと発表した。価格は1800円（税別）。「THE QUIET MAN」画像・動画ギャラリー『THE QUIET MAN』は、実写で描かれるストーリーパートとCGで表現されるアクションパートで構成されるシネマティックアクションゲーム。クワイエットというタイトル通り、本作には一部を除いて音楽やセリフ、字幕による情報伝達手段がない。プレイヤーは目の前で起こっていることからストーリーを考察していくという、独特なゲーム体験になっているのだ。舞台は、眠らない大都市・ニューヨーク。「Club Moonrise」の歌姫であるララはナイトクラブのシンガーとしてその夜も活躍するはずだったが、突如現れた仮面の男に連れ去られてしまう。ララを救出すべく、主人公のデインはニューヨークの街を奔走するというストーリーだ。公式にプレイ時間は約3時間と明言されており、フォトリアルなCGの追及など密度の濃いゲームになっている。また、シネマティックアクションゲームというだけあって、本作にはコンバットアクションもある。攻撃を行いメーターを溜めると、フォーカスモードに移行。その状態からさまざまなアクションが行えて、フィニッシュムーブができる。また、本作は発売からおよそ1週間後に無料アップデート「THE QUIET MAN −ANSWERED−」が配信される。こちらは音と言葉を宿した2周目になっている。言葉を捨てた1周目と言葉を宿した2周目をプレイして、初めて本作の体験が完結する模様だ。配信日にプレイし、考察しながら2周目のアップデートを待つというのは唯一無二の体験になりそうだ。公式サイトには、本作のプロデューサーである藤永健生氏のコメントが掲載されている。本作はスクウェア・エニックスが送る極めてインディーなタイトルになっているとのこと。興味のある人は公式サイトをチェックしてほしい。
https://headlines.yahoo.co.jp/hl?a=20181003-00000007-famitsu-game,【Amazon予約数ランキング】発売迫る『CoD ブラックオプス4』が1位！ 購入キャンペーンスタートでさらに加速【9/23〜9/29】,Amazon.co.jp TVゲームストアの予約数ランキングをお届けするこのコーナー。Amazon.co.jpにて、集計週に予約が多く集まったタイトルのラインアップをもとに、ゲーム業界のトレンドを分析していこう。（集計期間：2018年9月23日〜9月29日）2018年10月12日の発売が迫ったプレイステーション4用ソフト『コール オブ デューティ ブラックオプス4』が好調。前回2位から1位へと順位がアップしている。10月1日からは、プレイステーション4 Proとセットで購入すると5000円OFFキャンペーンが始まっており、好調さがさらに加速しそうだ。【PS4】コール オブ デューティ ブラックオプス 4【5,000円OFF】PlayStation 4 Pro本体とコール オブ デューティ ブラックオプス 4がセットでお買い得 キャンペーンページ1位【PS4】コール オブ デューティ ブラックオプス 42位【PS4】ACE COMBAT 7: SKIES UNKNOWN3位【Switch】スーパー マリオパーティ4位【Switch】大乱闘スマッシュブラザーズ SPECIAL5位【PS4】キングダム ハーツIII6位【PS4】ACE COMBAT 7: SKIES UNKNOWN COLLECTOR'S EDITION7位【PS4】ACE COMBAT 7: SKIES UNKNOWN COLLECTOR'S EDITION【Amazon.co.jp限定】 PS4用オリジナルテーマをダウンロードできるプロダクトコード8位【PS4】レッド・デッド・リデンプション29位【PS4】キャサリン・フルボディ ダイナマイト・フルボディ BOX10位【PS4】デビル メイ クライ 511位【PS4】SEKIRO: SHADOWS DIE TWICE12位【PS4】デビル メイ クライ 5【Amazon.co.jp限定】「デビルブレイカーDLC:モンキービジネス」ダウンロードコード 配信 付13位【PS4】アサシン クリード オデッセイ14位【PS4】JUDGE EYES (ジャッジ アイズ) :死神の遺言15位【PS4】BIOHAZARD RE:2 Z Version16位【3DS】ペルソナQ2 ニュー シネマ ラビリンス17位【PS4】ACE COMBAT 7: SKIES UNKNOWN【Amazon.co.jp限定】 PS4用オリジナルテーマをダウンロードできるプロダクトコード (配信)18位【PS4】コール オブ デューティ ブラックオプス 4【早期購入特典】「1,100 Call of Duty ポイント」がダウンロード可能なコードチラシ (封入) 【Amazon.co.jp限定】コーリングカード配信【CEROレーティング「Z」】19位【PS4】アサシン クリード オデッセイ ゴールドエディション20位【PS4】GOD EATER 3 初回限定生産版【早期購入特典】主人公着せ替え衣装「ヴァジュラくん[獣神]」をダウンロードできるプロダクトコード (封入) 【初回限定生産版特典】主人公着せ替え衣装「ヴァジュラくん[帝王]」をダウンロードできるプロダクトコード (封入)21位【PS4】ドラゴンクエストビルダーズ2 破壊神シドーとからっぽの島22位【PS4】GOD EATER 323位【PS4】レッド・デッド・リデンプション2:スペシャル・エディション24位【PS4】Fallout 76 Tricentennial Edition (トライセンテニアルエディション)25位【Switch】ポケットモンスター Let's Go! イーブイ モンスターボール Plusセット26位【PS4】キングダム ハーツIII 【Amazon.co.jp限定】 オリジナルPS4用テーマ(Amazon) 配信27位【PS4】JUDGE EYES (ジャッジ アイズ) :死神の遺言 【Amazon.co.jp限定】アイテム未定 付28位【Switch】ポケットモンスター Let's Go! ピカチュウ29位【PS4】絶体絶命都市4Plus -Summer Memories-30位【Switch】New スーパーマリオブラザーズ U デラックス
https://headlines.yahoo.co.jp/hl?a=20181003-00000010-isd-game,秋からスマホでスタァライトするんですね、わかります…。『少女☆歌劇 レヴュースタァライト -Re LIVE-』の最新情報が明らかになったステージイベントをレポート【TGS2018】,東京ゲームショウ 2018の開催3日目となる9月22日、ブシロードブースのステージで「少女☆歌劇 レヴュースタァライト -Re LIVE- TGS2018 スペシャルステージ」が開催されました。キャストが登壇したステージの模様と、そこで明らかになったスマートフォンアプリ『少女☆歌劇 レヴュースタァライト -Re LIVE-（以下『スタリラ』）』の最新情報をお届けします。【関連画像】『少女☆歌劇 レヴュースタァライト』は、ミュージカルとアニメを起点に、さまざまなメディアで展開されるプロジェクト。2017年9月にミュージカルとライブで構成された舞台が上演され、2018年7月からは同名のTVアニメが全12話で放送、メインキャラクター9名はミュージカルもアニメも同じキャストが演じています。どちらのメディアでも、スタァを目指して歌やダンス、芝居の練習にはげむ”舞台少女”たちの日常と、広大な謎の地下空間で舞台少女同士が刃をまじえる”レヴュー”という非日常的な光景の2つが軸となり、物語に深みを与えています。そうした世界設定は共有されている『スタリラ』の見どころは「完全オリジナルの新作ストーリー」、「フル3Dのバトル」、「新曲を含む、舞台少女たちによる楽曲の数々」とのこと。プロデューサーの尾関高志氏が進行を務め、愛城華恋役の小山百代さんと石動双葉役の生田輝さんが実機でさまざまな要素を体験しました。写真左：左から順に、双葉役の生田輝さん、華恋役の小山百代さん写真右：生田さん演じる双葉は、しっかり者ながら小柄な女の子。アプリでも華恋との身長差がしっかり表現されているのを確認して「頭上の余白が華恋より広い！小柄でかわいい！」と大はしゃぎゲームの基本的な流れは、物語を楽しむアドベンチャーパートと、いわゆる”バトル”にあたるレヴューパートが交互に挿入されるオーソドックスなスタイルで、そこに舞台少女たちとの交流や育成、サブストーリーの収集、舞台少女たちが日常を過ごす空間を自由に彩れる”マイシアター”などのやり込み要素が加わります。ステージでは、TVアニメでのレヴュー時とは異なる衣裳に身を包んだメインキャラクター9人の新ビジュアルも公開。本作での舞台少女はさまざまな役を演じるために何種類もの衣裳に身を包むそうで、今回のビジュアルは騎士がモチーフとなっているそうです。新衣裳をまとった舞台少女を手に入れられれば、ホーム画面、マイシアター、戦闘時……とあらゆるシーンにその衣裳が適用されるうえ、ボイスも専用のものになっているそうです。◆リアルタイム対人戦「VSレヴュー」でキャストたちが対戦！TGS2018開催初日に続く2回目となる本ステージでは、さらなる新情報としてリアルタイム対人戦となる「VSレヴュー」が発表されました。まずは、舞台少女5人でチームを編成。バトルはターン制で、最初にいわゆる行動コストであるAPが6以内に収まるように攻撃する舞台少女を指定。それがおたがいに終わったら、3Dキャラによる戦闘が1ターンずつ展開します。小山さんが演じる華恋と生田さんが演じる双葉は聖翔音楽学園の仲間ということもあり、ここで本作オリジナル校であるシークフェルト音楽学院に通う雪代晶を演じる野本ほたるさんと、鳳ミチルを演じる尾崎由香さんが登場。聖翔音楽学園対シークフェルト音楽学院というコンセプトで、生田さんと野本さん、小山さんと尾崎さんが対戦。それぞれ生田さんと尾崎さんが勝利を収めました。写真左：雪代晶役の野本ほたるさん写真右：鳳ミチル役の尾崎由香さん最後に小山さんは「やり込み要素がたくさんあって、（VSレヴューで）みなさんと対戦できるのも今から楽しみです。10月13日からは舞台の「少女☆歌劇 レヴュースタァライト -The LIVE- ＃2 Transition」もありますので、ぜひそちらにも来てください！」とコメントし、ステージを締めくくりました。株式会社ブシロードによるスマートフォンアプリ『少女☆歌劇 レヴュースタァライト -Re LIVE-』は現在、公式サイトなどで事前登録を受け付け中。登録者数は9月25日現在で70万人に到達。99万人が達成されると、抽選で1名に好きな舞台少女のデザインをあしらった特製の超巨大グラフィックタオルがプレゼントされます。正式リリースは今秋予定となっていますので、気になる方は忘れないうちに事前登録を済ませておきましょう。(C) Project Revue Starlight (C) 2018 Ateam Inc. (C) TBS(JAPAN) (C) bushiroad All Rights Reserved.
https://headlines.yahoo.co.jp/hl?a=20181003-00000132-impress-game,「ペルソナQ2」、「喜多川祐介」紹介映像を公開！,アトラスは、11月29日に発売を予定しているニンテンドー3DS用3DダンジョンRPG「ペルソナQ2 ニュー シネマ ラビリンス」に登場する「喜多川祐介」の紹介映像を公開した。【この記事に関する別の画像を見る】「喜多川祐介」は「ペルソナ5」に登場する怪盗団の一員。怪盗に扮した際「フォックス」と呼ばれる彼は、独特の感性を持ち浮世離れした絵師。そのツッコミどころの多さは本作でも健在のよう。【喜多川祐介（CV.杉田智和）】ATLUS SEGA All Rights Reserved.
https://headlines.yahoo.co.jp/hl?a=20181003-00000009-isd-game,『スプラトゥーン2』次回フェス「トリック vs トリート」はハロウィン仕様！ テンタクルズやステージもお祭り気分─特別な仮装ギアもプレゼント,フェス開催のお知らせだ。10月は「Splatoween」と題し、特別仕様の世界合同ハロウィンフェスが開催される。期間は10月19日（金）17：00〜10月21日（日）17：00の48時間。このフェスの期間中は、街の様子もおどろおどろしく様変わりするぞ。 pic.twitter.com/TgXb594WNn＆mdash; Splatoon（スプラトゥーン） (@SplatoonJP) 2018年10月3日『スプラトゥーン』公式Twitterアカウントにて、ニンテンンドースイッチソフト『スプラトゥーン2』で実施する世界合同ハロウィンフェスが発表され、その概要が明らかとなりました。イカとヒトの姿を使い分け、移動と攻撃を切り替えて地形をインクで染めていく、ユニークな対戦アクション『スプラトゥーン2』。定期的なアップデートに加え、ユニークなお題で戦う「フェス」の実施、大型DLC「オクト・エキスパンション」の配信など、様々な展開により刺激溢れる楽しさを随時提供しています。「Splatoween」開催中の48時間は、ハイカラスクエアの随所に飾り付けがされて、ハロウィンのお祭り気分を盛り上げる。テンタクルズもちょっとお色直し。ジャッジくんやコジャッジくん、クラゲなど、街の住人もノリノリで扮装しているぞ。 pic.twitter.com/nuuk1FHq1S＆mdash; Splatoon（スプラトゥーン） (@SplatoonJP) 2018年10月3日この10月は「Splatoween」と題し、いつもとはひと味異なる特別仕様の世界合同ハロウィンフェスを実施。フェスの期間中は街の彩りも「Splatoween」仕様となり、お色直ししたテンタクルズや、ユニークな扮装に身を包むジャッジくんや街の住人などを目にすることができます。フェスのお題は「どっちを選ぶ？ トリック vs トリート」。「トリック・オア・トリート」は「お菓子をくれないとイタズラするぞ」というハロウィンの決まり文句。イタズラや仮装で人を驚かせて楽しむか、お菓子をもらってホクホクするか。キミならどちらを選ぶだろうか？ pic.twitter.com/1WErkSTpfK＆mdash; Splatoon（スプラトゥーン） (@SplatoonJP) 2018年10月3日フェスの開催期間は、10月19日17：00から10月21日17：00までの48時間。お題は「どっちを選ぶ？ トリック vs トリート」となっており、イタズラ派とお菓子派による激戦が展開します。今回のフェスでは特別に、ゲームで使える特別な仮装ギアを、Nintendo Switch本体のゲームニュース「イカ研究所通信」を通じてプレゼント！このニュースは10月5日夕方から順次配信されるので、是非仮装して「Splatoween」にご参加いただきたい。 pic.twitter.com/3YgjaEtASR＆mdash; Splatoon（スプラトゥーン） (@SplatoonJP) 2018年10月3日仮装ギアを受け取るには、本体のゲームニュースで「イカ研究所通信」をチャンネル登録し、該当のニュースからソフトを起動する必要がある。このニュースはしばらく経つと閲覧できなくなるので、見つけたら早めにお受け取りいただきたい。＆mdash; Splatoon（スプラトゥーン） (@SplatoonJP) 2018年10月3日しかも今回のフェスでは、ニンテンドースイッチ本体に届くゲームニュース「イカ研究所通信」を通じて、特別な仮装ギアがもらえます。事前に「イカ研究所通信」をチャンネル登録して、10月5日夕方頃から順次発送されるニュースをチェックし、この個性溢れるギアを入手しましょう。さらに、フェス開催中はステージも「Splatoween」仕様。全ステージが専用のグラフィティで飾り付けられているので、バトル中はもちろん、さんぽなどでじっくり見て周るのも一興だ。48時間限定のお祭り、ご都合に合わせてご参加いただきたい。ゲーム内の告知は近日中に行われるのでお楽しみに。 pic.twitter.com/yIAGmSCdT3＆mdash; Splatoon（スプラトゥーン） (@SplatoonJP) 2018年10月3日また、フェス開催中はステージにも変化が。全ステージが「Splatoween」仕様となり、華やかな装飾が施されます。48時間だけのお祭り騒ぎ、どうぞお見逃しなく。
https://headlines.yahoo.co.jp/hl?a=20181003-00000130-impress-game,「ロックマン11 運命の歯車！！」、ローンチトレーラーを公開,カプコンは、10月4日に発売予定のプレイステーション 4/Nintendo Switch/Xbox One/Windows PC用アクション「ロックマン11 運命の歯車！！」のローンチトレーラーを公開した。【この記事に関する別の画像を見る】映像ではプロローグやロックマンが使う特殊武器、カスタマイズやゲームモードを紹介している。そしてラストには懐かしいボスの影も。【『ロックマン11 運命の歯車！！』グローバルローンチトレーラー】□ブロックマン外装工事用ロボット。小柄だが負けん気が強くケンカっ早い性格。ドタバタと走り回り、次々とブロックを作り出してはロックマンの頭上に降らせてくる。ピンチになるとDr.ワイリーに与えられたパワーギアの力を使い、小さな体をブロックで覆い、巨大ロボットへと変貌を遂げる。巨大化した時は、大きな体格にものを言わせて力任せに攻撃してくる。□ヒューズマン高圧電流を扱う電気設備管理用ロボット。無口でいつもピリピリと神経をとがらせている。高圧電流を自在に操る能力と電光石火の移動スピードを誇り、瞬時にロックマンの死角に回り込んで高圧電流弾を放ってくる。ワイリーに組み込まれたスピードギアがひとたび発動すれば、その移動スピードは限界を超え、電流をまとったヒューズマン自身が雷と化してロックマンに襲い掛かる。□ブラストマン映画やテーマパークの爆発効果を手掛けるバクハツアーティスト。すぐカッとなる性格で、すぐに感情を爆発させる。発破作業現場で培った俊敏な動きでステージを駆け回り、爆発欲の赴くままに爆弾をバラまきまくる。戦いが進み感情が昂るとDr.ワイリーに組み込まれたパワーギアを発動させ、膨れ上がった爆発欲を体現するかのうように爆発力の高い巨大爆弾を投げつけてくる。□トーチマンキャンプ場で火の使い方をレクチャーするアウトドアアドバイザーにしてオリジナル拳法「トーチ火炎拳」の使い手。体から吹き上がる炎を制御するために修行を続けている。鍛え上げた拳法を使い思うままに暴れる。得意とする炎の蹴り技は特に強烈で、食らってしまうとロックマンがステージ端まで吹っ飛ばされてしまうほど。パワーギアが発動すると自制心を失い凶暴性が増し、更に高火力の炎を荒々しく放ってくる。□パイルマン工事現場で主に基礎工事を担当する万能型建築支援ロボット。杭打ちロボット三兄弟「クイイチロー」、「クイジロー」、「クイサブロー」が合体してパイルマンになる。猪突猛進の精神と工事を進める使命感だけが暴走して、無秩序な工事を延々と続けている。自慢のパイルを武器に、変形合体を繰り返し、執拗にロックマンを串刺しにしようと襲い掛かってくる。大柄で重厚なボディの持ち主だが、見た目に反し高速突進攻撃を得意とする。ワイリーに組み込まれたパワーギアが発動すると、部下の杭打ちロボット衆と合体して巨大化し、圧倒的破壊力の極太パイルでロックマンに迫る。□ラバーマン室内アスレチック施設「ポインポインパーク」のインストラクターロボット。元々は衝撃テスト用に開発された。無邪気な楽天家で、ロックマンとの戦いもラバーマンにとっては遊びらしい。よく跳ねるゴム製のボディを活かしてポヨンポヨンと跳ね回りながら、ものすごく伸びのあるパンチを繰り出してくる。大柄だがスピードギアが組み込まれている。スピードギアが発動するとボディの弾性が高まり、目にも留まらぬスピードでステージ内を跳ねまくる。□ツンドラマン極地開拓＆調査用に開発されたロボット。テレビで知ったアイスダンスの魅力にとりつかれ、極地で1人練習を重ねてきた。とにかく人前で自分のアイスダンスを披露したいという欲求を満たすため、冷気を振りまき踊り続ける。自慢のアイスダンステクニックを駆使して華麗でスピーディーで危険な舞いを披露する。スピードギアが発動すると、スピードスケートさながらの高速スケーティング攻撃とスピンジャンプによる絶対零度のブリザード攻撃を仕掛けてくる。□アシッドマン化学薬品プラントで様々な薬品の生成を行なうロボット。ワイリーの改造によりマッドサイエンティストのスイッチが入ってしまい、キケンな劇薬の生成に喜びを感じている。体を劇薬のバリアで包み、劇薬の弾を飛ばして攻撃してくる。バリアを破壊しない事にはダメージを与える事ができない。組み込まれたスピードギアが発動すると、足元の劇薬プールに飛び込み、ダイナミックに飛沫を上げながら高速で泳ぎ回り攻撃を仕掛けてくる。CAPCOM CO., LTD. 2018 ALL RIGHTS RESERVED.
https://headlines.yahoo.co.jp/hl?a=20181003-00000008-isd-game,『ロックマン11』いよいよ明日10月4日発売！本作の魅力を一挙に紹介した最新PVも公開,カプコンは、10月4日発売予定のPS4/Xbox One/ニンテンドースイッチ/Steam対応ソフト『ロックマン11 運命の歯車！！』に関して、最新PVを本日10月3日に公開しています。【関連画像】シリーズ30周年記念作品となる本作は、シンプルな移植や懐かしさだけに頼らず、“最新ゲームマシンでシリーズの面白さを再現する”ことを目指とした作品です。「心が折れそうなほど難しいのに再プレイしてしまう中毒性」、「難所を抜けた時の達成感」、「遊ぶほどに上達を感じられるゲームバランス」といった『ロックマン』ならではの感覚を得られるゲームデザインとなっています。いよいよ明日10月4日に発売となる『ロックマン11 運命の歯車！！』。本日公開された最新PVは、今までに公開されてきた情報をまとめて紹介するような内容となっています。ぜひご覧ください。また、今までに公開されてきた詳しい情報については、下記まとめ記事にて一挙掲載しています。こちらもぜひチェックを！■関連記事・【9/23更新】『ロックマン11 運命の歯車！！』発売日や対応機種は？現時点の情報まとめ『ロックマン11 運命の歯車！！』は、2018年10月4日発売予定。希望小売価格は、PS4/ニンテンドースイッチ通常版が4,990円+税、PS4/ニンテンドースイッチ/Steamダウンロード版が4,620円+税、Xbox Oneダウンロード版が4,680円+税、PS4コレクターズ・パッケージ版が6,990円＋税、ニンテンドースイッチコレクターズ・パッケージamiibo同梱版が7,990円+税です。＆copy;CAPCOM CO., LTD. 2018 ALL RIGHTS RESERVED.
https://headlines.yahoo.co.jp/hl?a=20181003-00000128-impress-game,スマホ用「アトリエ オンライン 〜ブレセイルの錬金術士〜」サービス開始,NHN PlayArtとコーエーテクモゲームスは、Android/iOS用錬金術オンラインRPG「アトリエ オンライン 〜ブレセイルの錬金術士〜」（以下、アトリエ オンライン）の正式サービスを10月3日より開始した。基本料金は無料で、ビジネスモデルはアイテム課金制。【この記事に関する別の画像を見る】「アトリエ オンライン」は、「アトリエ」シリーズが持つ「錬金術RPG」をベースに、「冒険」、「調合」、「バトル」のサイクルを追及し、スタミナ不要でとことん冒険を楽しめる錬金術オンラインRPG。サービス開始を記念して、ログインイベントなどのキャンペーンが実施されている。また、サービス開始日が事前告知期日より延期されたことを受け、お詫びとして「10連ガチャチケット」も配布される。■事前登録特典を紹介事前登録期間中に達成したキャンペーン報酬として、以下の特典を獲得できる。各種特典はチュートリアル終了後、プレゼントボックスから受け取り可能だ。・ゲーム内で使用できる仲間キャラクター「ロロナ」・ロロナの装備（ロロナのメイス、ロロナの帽子、ロロナの服♀）・ガチャ10回分のゲーム内通貨（300コール）・採取時に使用することで高品質な素材が獲得できる妖精アイテムセット「妖精のピッケル×3」、「妖精のつりざお×3」、「妖精の軍手×3」・装備強化時に使用すると装備経験値が獲得できるアイテムセット「剣強化オイル・中×3」、「杖強化オイル・中×3」、「メイス強化オイル・中×3」、「体防具強化オイル・中×3」・「ガチャチケット×1」・「☆4以上確定ガチャチケット×1」・「10連ガチャチケット×1」（リリース延期のお詫びアイテム）■各種リリースキャンペーンを紹介□リリース記念ログインボーナス実施期間：〜11月11日23時59分通常のログインボーナスに加え、特別なログインボーナスが受け取れる。ほぼ毎日コールがもらえるほか、7日・14日・21日目には「ガチャチケット」、28日目には「10連ガチャチケット」、35日目には「☆4以上確定ガチャチケット」がもらえる。□リリース記念イベント実施期間：〜11月7日メンテナンス開始前まで期間中、アーテリア地方に出現する魔物「ジャック・オー・ランタン」を倒すと、一定確率で頭装備「カボチャヘッド」を獲得できる。「カボチャヘッド」は一定確率で継承可能な特性が付与されている。□リリース記念イベントクエスト実施期間：〜11月7日メンテナンス開始前までホーム画面内のイベントアイコンからイベントクエストが楽しめる。イベントクエストでは、EXPポーションや妖精のスプーン、エーテルなどの貴重なアイテムから、特別デザインの装備品や装備レシピを獲得できる。イベントクエストの内容は、イベントクエスト初級をクリアすることで解放される。1回のみクリアできるものや、24時間で1回受注できるものなどがある。□ランキングボードイベント開始実施期間：リリース開始〜10月31日23時59分ランキングボードを利用したプレシーズンイベントが実施される。今月はランキングによる報酬は用意されていないが、特定の貢献度を蓄積すると必ず報酬がもらえる。各行動を起こした際にもらえる「貢献度」を貯めることで、特典を入手できる。【月間アカデミーPT ランキング（プレシーズン）：クエストや依頼等をクリアすると加算され、達成すると報酬獲得】【月間錬金術士ランキング（プレシーズン）： 錬金を行なうと貢献度が加算され、達成すると報酬獲得】□リリース記念ガチャ実施期間：〜10月24日メンテナンス開始までリリースを記念して、「ロロナ」、「マリー」、「ベルガモット」、「キャットニップ」、「タンドリオン」、「マジョラム」のキャラクター及びキャラクターのデザインをモチーフにした装備品の出現確率が高い（コールガチャとの比較時）、リリース記念ガチャが販売される。リリース記念ガチャは、1回目、2回目、3回目までは割引価格で購入可能。□メイスピックアップガチャ実施期間：〜10月24日メンテナンス開始まで主人公（錬金術士）やロロナ、マリー、ベルガモットが得意とする装備「メイス」の、☆5装備の出現確率が高い（コールガチャとの比較時）「メイスピックアップガチャ」が販売される。メイスは、状態異常を発生させやすいアクティブスキルを多く持っている。□リリース記念アイテムを期間限定で販売実施期間：〜10月24日メンテナンス開始までゲーム内のコールショップにて、「☆4以上確定ガチャチケット」、「リリース記念10連ガチャチケット」などがセットになった、お得なリリースパックが販売される。ただし、購入制限がある。2018 コーエーテクモゲームス All rights reserved.
https://headlines.yahoo.co.jp/hl?a=20181003-00057546-denfami-game,ゲームプレイ中はWindows Updateのポップアップが表示されないように。Windows秋の大型アップデートではゲーマー向けの機能が多数追加,マイクロソフトはWindows 10の大型アップデート「Widnows 10 October 2018 Update」の一般提供を開始した。本アップデートは、Windows Updateを通じて順次配布される。今後数週間かけてすべてのユーザーが利用可能となる。なお、手動でアップデートする場合はマイクロソフトのページからアップデーターをダウンロードできる。【この記事に関連するほかの画像を見る】アップデートしてすぐにわかる変更は、ダークテーマがエクスプローラーにも適用される点だが、PCゲーマー向けにも便利な機能が追加されている。特に大きな変更は、ゲーム中に通知の抑制やフレームレートの安定化を行うゲームモードにおいて、Windows Updateも抑制されるようになる点だ。パフォーマンスを低下させる可能性のあるバックグラウンドでのWindows Updateの実行や、ゲームが中断する可能性のある再起動の通知のポップアップが抑制されるようになる。いくつかのゲームやシステムではさらにパフォーマンスの安定が見込めるだろう。これまでもゲームモードでは、ゲームをプレイしている間CPUやGPUの処理能力を優先的にゲームに割り当てることでパフォーマンスの改善を行っていたが、ゲーマーからの要望でさらにアップグレードされた形だ。このほか、一部のゲームではゲームバーを使ってゲームモードのオン、オフを切り替えなければならなかったが、これからは全てのゲームで自動的に有効化されるようになる。また、今回のアップデートでゲームバーの機能がさらに充実しており、音声をサービスやアプリケーション単位でゲームを中断せずに制御可能だ。これまでも設定からなら個別に変更できたが、ゲームをプレイしながらでも変更できるようになる。さらに、これまでビデオカードや外部のソフトウェアを使わなければならなかった、パフォーマンスモニタリング機能も追加される。現在のフレームレートだけでなく、単位時間あたりのフレームレートを計測してパフォーマンスを確認することもできる。「Widnows 10 October 2018 Update」と同時に、DirectXでレイトレーシングをサポートする「DirectX Raytracing」機能が追加される。ただし、はじめからレイトレーシングをサポートした第1世代のビデオカードのみに向けた機能となる。つまり、現在はGeForce RTX 2080のようにレイトレーシングをサポートするGeForce RTX 20シリーズ、あるいはQuadro RTXを持つ方のみに向けた機能だ。DirectX向けにもうひとつDirectMLという機械学習を用いたグラフィックの向上機能も追加される。マイクロソフトの発表では、Direct MLを利用することで機械学習を用いたノイズ除去やスーパーレゾリューション（超解像度）を可能にするという。また、レイトレーシングに関しても機械学習でピクセルあたりの光線数を減らしながらも、効果的なレイトレースエフェクトを実現する。魅力的な機能だが、こちらもRTX系グラフィックカード向けの機能のようだ。『Battlefield V』、『Shadow of the Tomb Raide』、『Metro Exodus』など著名なタイトルで少しずつサポートされているレイトレーシングだが、Windowsが正式に対応することで今後もレイトレーシングをサポートするデベロッパーは増えていくだろう。この「Widnows 10 October 2018 Update」は、この新しい技術の大いなる第一歩になる。文／古嶋 誉幸
https://headlines.yahoo.co.jp/hl?a=20181003-00057438-denfami-game,『Minecraft』の月間アクティブプレイヤー数が9100万人を記録。シリーズ総販売数は1億5千万本と『テトリス』に次ぐビデオゲーム史上第2位に,MojangはMinecon Earthにて『Minecraft』の月間アクティブプレイヤーがこの夏、9100万人に達したことを発表した。参考までに、『Fortnite』は8月に月間アクティブプレイヤー数が過去最高の7830万人という驚くべき数字を叩き出しているが、それを軽々と超えるプレイヤー数となっている（月間アクティブプレイヤー数とは、1か月に1回以上ログインするプレイヤー数のことを指す）。【この記事に関連するほかの画像を見る】すべてのプラットフォームでの総販売本数は1億5千万本を超えている。単体でのゲームの売り上げは『テトリス』についでビデオゲーム史上第2位、シリーズ合算の販売数で見ても第8位というモンスタータイトルだ。これはなぜ『Minecraft 2』が出ないのか？という質問に対する答えの一部でもある。『Minecraft』の責任者であるHelen Chiang氏は豪ビジネス・インサイダー誌のインタビューにて、9100万人ものプレイヤーが『Minecraft』一緒に遊んでおり、続編はコミュニティを破壊するものだと話している。アップデートが無料で続けられていることからもわかるように、同作ではゲーム所有者同士での断絶をできるだけ起こさないようにしているのだ。本作の展開はコミュニティに重きを置いており、似たようなものを最初から作り直すような『Minecraft 2』を出すことは理にかなわないという。また、同じインタビューにてMojangのチーフクリエイティブオフィサーのJens Bergensten氏は、『Minecraft 2』が必要ない理由についてこう語っている。「あなたは『Minecraft』で『Minecraft 2』を作ることができるでしょう」。とはいえ、それが『Minecraft』シリーズに新作が出ないということではない。本編から枝分かれして、2015年にはTelltaleから『Minecraft: Story Mode』がリリースされた。先日のMinecon Earthで発表されたダンジョン探索ゲーム『Minecraft：Dungeons』も2019年にリリースを予定されている。2011年に正式版がリリースされてから7年が経つ。2014年にはマイクロソフトがMojangを25億ドルで買収した。Mojangのキーパーソンである3名、特に当時インディゲームのアイコンとも呼べるほどの存在だったNotchことMarcus Perrson氏がMojangを去る事になったことで大きな騒動となった。しかし、その後も開発は続き、いまや完全に定着した『Minecraft』だが、ゲーム本編のアップデートは終わらない。今年中にはパンダや野生の猫が追加され、主にMod製作者向けにスクリプティングAPIが追加される予定だ。来年には村人と略奪者を刷新する大型アップデートも控えている。文／古嶋 誉幸
https://headlines.yahoo.co.jp/hl?a=20181003-00057211-denfami-game,サイバネ忍者が主役のメトロイドヴァニア『Bushiden』キックスターターキャンペーン開始。1対多数の戦いを大きくフィーチャーした2Dアクションゲーム,Pixel Arc Studiosは2Dアクションゲーム『Bushiden』のKickstarterキャンペーンを開始した。1か月で7万ドルの調達を目指す。これまでは音楽の収録されていない簡素なトレイラーが公開されるのみだったが、本格的なゲームプレイトレイラーも公開されている。【この記事に関連するほかの画像を見る】『Bushiden』はメトロイドヴァニアに影響を受けた2Dアクションゲーム。タイトルは「武士伝」だが、主人公は忍者だ。「伊賀龍一族」最後の生き残りである主人公Reyleeが、さらわれた妹を探し出し、復活した宿敵Gaohを倒すために旅立つ。世界設定は未来となっており、敵はロボットやサイバネ技術で生み出された生物だ。対する主人公も、伝統的な忍術だけでなくサイバネ技術を用いた武器を使うこともできる。忍者らしい軽快なステップで足場や罠を乗り越え、刀や手裏剣、気の力を使って大量の敵を相手にする「クラウドコントロール・コンバットシステム」で戦う。『Bushiden』はプロローグと6つの通常ステージ、そして最終ステージで構成されている。本編の6年前となるプロローグで宿敵Gaohと戦った後、通常ステージを自由に選んでボスを倒し、復活したGaohの待つ最終ステージに挑む。メトロイドヴァニアといえば広大なマップを探索することが特徴となる傾向にあるが、本作は『ロックマン』シリーズのように独立したマップを選択するようだ。だが、メトロイドヴァニアらしく、ゲームを進めると主人公はさまざまな能力を得ることができる。通常ステージのボスを倒すと新たな能力を得られる。新たな攻撃方法だけでなく、電流が流れる床を無害化したり、重力を変動させるスイッチを使えるようになるといった、探索範囲を広げる能力も存在している。各通常ステージを一回だけクリアーすれば最終ステージへのアクセスできるが、対応する特殊能力を得た状態で通常ステージにもう一度挑むと、それまで行けなかった場所へも行けるようになる。新たに得られる5つの特殊能力はすでに公開されているが、5000ドルの支援者にはプロデューサーとして最後のひとつの能力のデザインに協力する権利が与えられる。戦闘向け、マップ探索向け、あるいはその両方。ゲームをつまらなくするようなものでなければ、どのような能力でも許容されるようだ。探索することなく最終ボスまで進めばプレイ時間は6時間程度だが、マップのすべてを探索しながら進めば12時間程になるという。このゲームの大きな特徴である「クラウドコントロール・コンバットシステム」は、1対多数での戦いを有利に進めるための戦闘システムだ。攻撃の基本となる3連続攻撃は、成功すれば相手をノックダウンできる。最後の一撃がヒットするときに方向キーを入れると、任意の方向にも攻撃ができる「アタックエリアフィニッシャー」が発動する。コンボ中に背後から敵に接近されそうになったときは、手裏剣を投げて相手をスタンさせる「コンボシュリケンスロー」を使うこともできる。また、コンボをキャンセルして相手の攻撃を回避するドッジロールも用意されている。これら3つのコンボオプションは簡単で覚えやすい操作で発動でき、敵AIはこのシステムの使用を前提にデザインされている。コンボでは防ぎきれない数の敵に囲まれたときはChi Spell Attacksという忍術を使うこともできる。気の力は消耗品であり、一部は敵の落とすお金を使って購入できるが、その他はマップを探索して見つけ出さなければならない。敵集団に対して甚大な被害を与えることができるが、それだけに回数に制限が設けられている。音楽は『VA-11 HALL-A』の音楽を手がけたMichael "Garoad" Kelly氏が制作する。Kelly氏のBandcampではすでに本作のサウンドトラックが5曲公開されている。音楽は各ステージに2曲ずつ用意されているという。『Bushiden』は一見したところ『ストライダー飛竜』の影響が強く見られるが、各ステージのボスから特殊能力を得て探索範囲を広げる部分で『ロックマン』シリーズやメトロイドヴァニアの影響も色濃く見える。ピクセルアートで描かれる90年代風の少し懐かしい見た目でメトロイドヴァニアという、近年の2Dアクションのひとつの潮流を踏襲したゲームだ。音楽はすでに述べたとおりKelly氏への外注だが、ゲームの大部分はPixel Arc StudiosのTim Jonsson氏とChris Crawford氏の2人で制作されている。2017年に発表されてから自己資本を使って1年間エンジンや開発ツール、主人公のモーションやコアとなる戦闘システムを開発してきた。今後はステージの最後を飾るボスとの戦闘、そして個々のステージを個性付ける新たなアセットや固有の敵を追加していく作業に入るという。なお集めた開発資金については、そのほとんどがアートとアニメーションに使用されるようだ。ゲーム開発では問題が付きものであり、必ずこの通りに使用されるとは限らない。しかしこれまで自己資本で開発してきたデベロッパーの、ゲーム開発への真摯な姿勢と見ることはできるだろう。詳細は目標金額を集められそうになってから公開となるが、ゲームをさらに拡張するストレッチゴールも用意されている。『Bushiden』のリリースは2020年8月を予定しており、通常価格は19.99ドルだ。現時点ではPC、PlayStation 4へのリリースが予定されているが、可能な限り他のプラットフォームでもリリースしたいとしている。文／古嶋 誉幸
https://headlines.yahoo.co.jp/hl?a=20181003-00057048-denfami-game,2018年注目のダンジョンRPGは“移植作“。Nintendo Switch版『ルフランの地下迷宮と魔女ノ旅団』は2年の時を経てもまだ色あせない,9月27日、日本一ソフトウェアからあるタイトルが Nintendo Switch向けにリリースされた。タイトルは『ルフランの地下迷宮と魔女ノ旅団』（以下『ルフラン』）。いわゆる『Wizardry』系列のダンジョン探索ゲームだ。【この記事に関連するほかの画像を見る】ゲーマーならば3DダンジョンRPGをジャンルとして確立した『Wizardry』の名を知らない者はいないだろう。インスパイアされた後発作品は「ウィザードリィ・ライク」（以下Wizライク）などと呼ばれることもある。ゲームの内容としては、読んで字のごとく、3Dで描画されるダンジョンを一人称視点で探索し、戦闘し、装備を整えるなどキャラを強化し、より深くまで潜り、そしてボスを倒す。これがおおむね一般的なゲームフローだ。さて、時節は夏が過ぎ去り秋の気配が濃厚であるが、じつは今夏、Wizライクのタイトルが複数リリースされていた。まず、コンパイルハートからはシリーズ続編『神獄塔 メアリスケルター2』。スパイク・チュンソフトからは『ダンガンロンパ』チームが制作した『ザンキゼロ』。アトラスからはシリーズのニンテンドー3DS最終作とされる『世界樹の迷宮X』。一部プレイ意欲を維持するのが困難なものもあったが、それぞれに高い目標に向けて作られたであろうこだわりが見受けられ、遊ぶに値するものばかりだ。さらに11月29日には、今やファンらの熱気すら感じるようになった『ペルソナ』シリーズからのスピンオフ作『ペルソナQ2』がリリース予定。そう、2018年後半戦は何故かWizライクタイトルが豊作なのである。けっしてメインストリームとは呼べないジャンルでこうした現象が起きるのはめずらしい。いちファンとしては嬉しい悲鳴をあげずにはいられなかった。そんななかNintendo Switch向けに発売された『ルフラン』は、もともと2016年にPS Vita向けに発売され、その後PS4、PC（Steam）へと移植された。大雑把にいえば3度目の移植ということになる。いわゆる「底堅い人気」とゲームそのもの品質がなければ、なかなかおがめない光景である。本作のタイトル名をご存知だった方はどれだけいらっしゃるだろうか。プレイ済み、さらにクリア済み、となると決して多くはないかもしれない。だが、本作はたしかにいくつか粗はあるものの、日本一ソフトウェアが挑戦したWizライク、そして新規IPとして、注目に値する快作だった。ダンジョン探索ゲームが多数リリースされている2018年だが、もっとも注目すべきなのは実は移植作である。そんな『ルフラン』の魅力を、いくつかの視点から紐解こう。文／Yoichi Yumitori■引き込まれるストーリーWizライクでストーリー？ と疑問に思われる方はおおいに正常だ。元祖『Wizardry』からして物語はゲームのフレーバーにすぎず、ダンジョンを探索させる動機づけにすぎず、そしてそれが基本形である。たとえば『世界樹』シリーズなどでは充分に引き立ったキャラクターたちが存在し、魅力的な掛け合いがある。だがしかし、それはあくまでも物語がリニアに展開される上で必要とされるパーツであるにとどまり、ゲームの根幹を成していると解釈するのは難しいところだ。そこにきて『ルフラン』は特異なスタンスをとっている。主人公「ドロニア」とその従者「ルカ」を中心に織りなされるダークな世界は、その終着点まで着実に、しかしときによろめきながら、歩みを進める。サブキャラクターもそこに深く食い込み、あるいは掘り下げられる。それもごく自然な形で。詳述するとネタバレになってしまいゲームの価値を激減させてしまう恐れがあるので避けるが、本作の物語を語る上で特筆すべき最大のポイントは、各ダンジョンに秘められたバックストーリーにある。通常のWizライクにおいて、ダンジョンとは踏破すべき対象であり、またはキャラを鍛え上げる場として設定されている。一方『ルフラン』も、同ジャンルの慣習どおり突拍子もないデザインのダンジョンが次々と登場するが、それぞれにきちんと存在意義が設けられているのである。よほど意識してプレイしない限り、一周でその全容を把握することは難しい。もし既プレイでベストエンディングまで見た、という方でもぜひもう今一度プレイし、妙味を堪能していただきたい。そして初見の方は「なんとなく、そういうものだ」と認識しながらプレイすることで、一見脈絡のないダンジョンに、見えそうで見えない一本の線を感じ取ることができるかもしれない。■荒削りながらもプレイ衝動をかきたてられるダンジョンパート3Dダンジョンの探索パートは比較的オーソドックスといってよい。しかし例外が2点存在する。「壁壊し」と「落とし穴」である。「壁壊し」は読んで字のごとく、ダンジョン内の壁を特定のコストを消費することで破壊できるシステムだ。壊せない壁も多々あるが、それでもマップを一見しただけでは認識できないような意外なルート取りなど、最速最短の一本道をプレイヤーが積極的に発見する楽しさを埋め込んでくれている。「落とし穴」は読んで字のごとくである。しかし、和製RPGの文法をあざ笑うかのように、そのペナルティはきわめて大きい。1階層分でも落下すればパーティー半壊、ゲーム中盤からは全滅する場所が多数ある。最初にハマったときは「これク……」という罵倒が脳裏をよぎったが、じつのところそんなに意地悪・理不尽なものではなく、”きちんと画面を見ていれば回避できる”のである。これはなるほどと感じたところ。そう、本来落とし穴というものはそのようなデストラップであったはずだ。なお、バトルパートはオーソドックスなターン制。特徴的なのは、「カヴン」の存在である。これはいわゆる部隊、1戦闘単位として扱われる。カヴンには実際にバトルに参加するアタッカー枠が最大3枠、後方で様々なメリットをもたらすサポーター枠が最大5枠ある。戦闘に参加するのは5組のカヴンであることから、編成によっては15人ものキャラでバトルすることになる。といっても毎回全員分の行動を入力するわけではない。原則的にはカヴン単位でしか指示は出せない。個別に細かい命令をしようとすると、特別なコストが必要になってくる。このため、「雑魚戦ではカヴン単位で戦闘、ボス戦のいざというときは各人に詳細な指示」という流れが美しくできあがっている。日本一ソフトウェアらしくというか、バトルにかかわる要素（装備、隊列、職業等）が大量にあり、直感でプレイすると何がなんだかわからない大味なゲームに思えるかもしれないが、その実、突き詰めるとシンプルにしてディープなバランスとなっている。最初はぜひとも攻略サイトなどを読まずにプレイしてみてほしいところだ。■絵と音で迫るアートの力これ以外にも注目すべきアートスタイルは、オブラートに包むと”独特”、直球を投げると”下品”だ。とりわけエネミーの造形は、性的表現を感じさせるものがきわめて多く、CEROの審査基準に対する猛烈な闘争心を感じずにはいられない。しかしこれが不思議と不快ではなく、そもそも陰鬱としている世界観に絶妙にマッチしているのだ。音楽は佐藤天平氏が手がけている。楽曲数は多くない。サウンドトラックに収録されているのはわずか20曲。昨今のゲームミュージックのサウンドトラックのボリュームからすると少ないのは間違いない。しかしそれゆえに一般的に印象に残りがちなバトル曲以外にも多くの曲が耳に残る。少し聞けばイベントシーンがすぐに思い浮かぶ、そんなゲーム音楽は希少だ。とくにエンディングの曲は感動的ですらある。なお、オリジナルサウンドトラックCDは限定版の特典だけで、現時点では単独で一般販売されていない。Switch版は、日本一ソフトウェアの直販やAmazon限定版などにも付随していない。商業的に難しい点はあるのかもしれないが、今後の展開に期待したいところだ。『ルフラン』をWizライク完全未経験者におすすめするのはやや厳しい。複雑怪奇なゲームシステムがそこそこ高いハードルとして立ちふさがってくるからだ。しかし「昔ファミコンでちょっとだけ『Wizardry』やったな」、「そういえば無印『世界樹』やったっきりご無沙汰だ」、「最後にやったの『BUSIN』だわ」、そんな層に強くプッシュしたい。ほんの少しの下地か素養さえあれば理解するのは、じつはそこほど難しくない。本作を充分にプレイし、クリアし、頭の中の3DダンジョンRPG純度を上げておき、しかるのちに『ペルソナQ2』を迎撃する。そんなスタンスも悪くないはずだ。
https://headlines.yahoo.co.jp/hl?a=20181003-00000012-gamespav-game,米トイザらスの破産オークションがキャンセルに―ブランド再始動を計画,2017年に米連邦破産法11条の適用を申請して破綻、2018年6月末にはアメリカ国内の全735店舗を閉鎖した米トイザらス（Toys“R”Us）ですが、同社は、資産を売却する予定であった破産オークションをキャンセルし、再始動の計画を打ち上げました。この計画では現在のライセンスを維持するとともに新しい小売事業に投資できる新会社に資産を再編成するとのこと。トイザらスの財産および、間接的/直接的な利害関係者にとって、これが最良の選択肢であるとしました。今回中止された破産オークションでは、トイザらス（Toys “R” Us）、ベビーザらス（Babies “R” Us）というブランド名やウェブサイトドメイン、レジストリリスト、マスコットのGeoffrey the Giraffeなどがオークション対象だったとされています。「大好きなおもちゃに囲まれて 大人になんかなりたくない」と思っていた米国のトイザらスキッズは、今後の展開が気になるのではないでしょうか。なお、日本国内のトイザらスに関しては2018年3月に「米国事業の清算の影響を受けない」と発表しています。
https://headlines.yahoo.co.jp/hl?a=20181003-00057004-denfami-game,『ストII』の西谷亮氏が手がける『Fighting Ex Layer』のPC版発表。4K解像度に対応,アリカは今年6月にPlayStation 4で発売され、EVO 2018ではサイドトーナメントの種目にもなった格闘ゲーム『Fighting Ex Layer』のPC版を発表した。ティーザートレイラーも公開され、記述を見る限り発売日は2018年から2019年、4K対応でSteamでの販売になるようだ。【この記事に関連するほかの画像を見る】『Fighting Ex Layer』は『ストリートファイターII』を生んだ西谷亮氏が手がけた『ストリートファイターEX』や『ファイティングレイヤー』といったEXシリーズの流れを汲んでいる。もちろん本作の制作にも西谷亮氏が参加している。『ストリートファイターEX』の流れを汲んでいるが、本作にはSNKとのコラボで登場する予定のテリー・ボガード以外はアリカオリジナルキャラクターのみが登場となる。本作では初登場となる「強氣（ごうぎ）システム」が搭載され、大きな特徴となっている。強氣とは、戦闘中に特定の条件を満たすことで発動できる追加能力を指し、5つの能力を組み合わせた15種類の強氣デッキからひとつ選んでファイターのシステムを決定する。強氣にはガードキャンセルやコンボから一度だけ抜けることができるイリュージョンといったいくつかのデッキに組み込まれている汎用的なものや、そのデッキ特有の特徴的なものもある。PC版独自の要素として4K解像度への対応が発表されたが、発売日や他の要素については今後の発表を待ちたい。文／古嶋 誉幸